{
  "battle_jjb": {
    "sounds": [
      { "name": "battle/jjb", "stream": true }
    ]
  },

  "battle_wildbattle": {
    "sounds": [
      { "name": "battle/wildbattle", "stream": true }
    ]
  },

  "battle_jjbaura": {
    "sounds": [
      { "name": "battle/jjbaura", "stream": true }
    ]
  },

  "battle_lowhp": {
    "sounds": [
      { "name": "battle/lowhp", "stream": false }
    ]
  },

  "entity.wither.spawn": {
    "replace": true,
    "sounds": [
      { "name": "music/wither", "stream": true, "volume": 1.0, "pitch": 1.0 }
    ]
  },

  "npc.benlyy.talk": {
    "sounds": [
      { "name": "npc/benlyy/b3nlyy1", "stream": false },
      { "name": "npc/benlyy/b3nlyy2", "stream": false }
    ]
  }
}
