{
  "gui.click": {
    "sounds": [
      "boocord:gui/click"
    ]
  },
  "gui.levelup": {
    "sounds": [
      "boocord:gui/levelup"
    ]
  },
  "battle.intro": {
    "sounds": [
      "boocord:pokeball/poke_ball_sendout"
    ]
  },
  "capture.throw": {
    "sounds": [
      "boocord:pokeball/poke_ball_throw_1"
    ]
  },
  "capture.open": {
    "sounds": [
      "boocord:pokeball/poke_ball_open"
    ]
  },
  "capture.shake": {
    "sounds": [
      "boocord:pokeball/poke_ball_shake_1",
      "boocord:pokeball/poke_ball_shake_2",
      "boocord:pokeball/poke_ball_shake_3"
    ]
  },
  "capture.success": {
    "sounds": [
      "boocord:pokeball/poke_ball_capture_succeeded"
    ]
  }
}