{
  "parent": "minecraft:item/handheld",
  "textures": {
    "layer0": "minecraft:item/cc3_mace"
  },
  "display": {
    "firstperson_righthand": {
      "rotation": [0, -90, 55],
      "translation": [1.5, 2.5, 0],
      "scale": [1.3, 1.3, 1.3]
    },
    "firstperson_lefthand": {
      "rotation": [0, 90, -55],
      "translation": [-1.5, 2.5, 0],
      "scale": [1.3, 1.3, 1.3]
    },
    "thirdperson_righthand": {
      "rotation": [0, -90, 55],
      "translation": [0, 3, 1],
      "scale": [1.2, 1.2, 1.2]
    },
    "thirdperson_lefthand": {
      "rotation": [0, 90, -55],
      "translation": [0, 3, 1],
      "scale": [1.2, 1.2, 1.2]
    }
  }
}
